id,name,headquarter,street,house_number,place_id,phone,fax,director_id,homepage_id,net_id
1,Academie Hoboken              Muziek-Woord,false,Lange Riddersstraat,48,62,,,1,1,1
2,Academie Hoboken              Muziek-Woord,false,Wittestraat,116,64,,,1,1,1
3,Academie Hoboken              Muziek-Woord,false,Jan De Voslei,6,64,,,1,1,1
4,Academie Hoboken              Muziek-Woord,true,Lageweg,141,1061,38304109,38304109,1,1,1
5,Academie Hoboken              Muziek-Woord,false,Montessoristraat,15,1061,,,1,1,1
6,Academie Hoboken              Muziek-Woord,false,Weerstandlaan,141,1061,,,1,1,1
7,GO! muziekacademie Anderlecht,true,Dapperheidsplein,5,45,25220551,25242838,2,2,2
8,GO! muziekacademie Anderlecht,false,Paalstraat,61,2249,,,2,2,2
9,GO! muziekacademie Anderlecht,false,Jan Vanderstraetenstraat,91,2288,,,2,2,2
10,GO! muziekacademie Anderlecht,false,Topstraat,15,2288,,,2,2,2
11,Art'Iz,false,Kaaistraat,80,80,,,3,3,1
12,Art'Iz,false,Schoolstraat,4_A  ,1141,,,3,3,1
13,Art'Iz,false,Brigandsstraat,15,1141,,,3,3,1
14,Art'Iz,false,Prinsessestraat,13,1151,,,3,3,1
15,Art'Iz,false,Hogestraat,66,1151,,,3,3,1
16,Art'Iz,true,Kruisstraat,13,1151,51303435,,3,3,1
17,Art'Iz,false,Leenstraat,110,1151,,,3,3,1
18,Art'Iz,false,A. Dassonvillelaan,3,1351,,,3,3,1
19,Art'Iz,false,Markt,     ,1839,,,3,3,1
20,Art'Iz,false,Rollegemkapelsestraat,16,2238,,,3,3,1
21,Stedelijk Conservatorium,false,Astridlaan,86,92,,,4,4,1
22,Stedelijk Conservatorium,true,Sint-Jakobsstraat,23,378,50334330,50330137,4,4,1
23,Stedelijk Conservatorium,false,Achiel Van Ackerplein,1,378,,,4,4,1
24,Stedelijk Conservatorium,false,Sportstraat,2,1834,,,4,4,1
25,Stedelijk Conservatorium,false,Schooldreef,6,1834,,,4,4,1
26,Stedelijk Conservatorium,false,Diksmuidse Heerweg,159,2230,,,4,4,1
27,Stedelijk Conservatorium,false,Fortuinstraat,29,2259,,,4,4,1
28,Stedelijk Conservatorium,false,Rijselstraat,71,2283,,,4,4,1
29,Noord-Limburgse Academie voor Muziek “Michielshof”,false,Michielsplein,3,15,,,5,5,3
30,Dans,false,Cornelius a Lapideplein,3,283,,,5,5,3
31,Noord-Limburgse Academie voor Muziek “Basisschool Eksel”,false,Groenstraat,8,606,,,5,5,3
32,Noord-Limburgse Academie voor Muziek “Cultuurpunt”,false,Phil Bosmansplein,1,899,,,5,5,3
33,Noord-Limburgse Academie voor Muziek “Harmoniezaal”,false,Harmonieweg,38_A ,899,,,5,5,3
34,Noord-Limburgse Academie voor Muziek “De Schans”,false,Rode Kruisplein,10,983,,,5,5,3
35,Dans,false,Nevenplein,1,1207,,,5,5,3
36,Noord-Limburgse Academie voor Muziek “Kunstacademie Lommel”,false,Jan Davidlaan,9,1429,,,5,5,3
37,Noord-Limburgse Academie voor Muziek”’t Heem’,false,Kloosterstraat,5,1545,,,5,5,3
38,Dans,false,Albertus Morrenstraat,6,1919,,,5,5,3
39,Dans,false,Harmonieplein,2,1919,,,5,5,3
40,Dans,false,Kerkstraat,     ,1919,,,5,5,3
41,Noord-Limburgse Academie voor Muziek “Palethe”,false,Jeugdlaan,2_A  ,1923,,,5,5,3
42,Noord-Limburgse Academie voor Muziek ‘Kunstacademie Pelt’,true,Toekomstlaan,9,1923,11808710,,5,5,3
43,Stedelijke Academie voor      Muziek en Woord,false,Ieperstraat,10_D ,1419,,,6,6,1
44,Stedelijke Academie voor      Muziek en Woord,true,Oostlaan,11_A ,1971,57333951,57339343,6,6,1
45,Stedelijke Academie voor      Muziek en Woord,false,Krombeekseweg,82,1971,,,6,6,1
46,Stedelijke Academie voor      Muziek en Woord,false,Provenplein,29,1985,,,6,6,1
47,Stedelijke Academie voor      Muziek en Woord,false,Baljuwstraat,13,2037,,,6,6,1
48,Stedelijke Academie voor      Muziek en Woord,false,Prof.Rubbrechtstraat,97,2069,,,6,6,1
49,Gemeentelijke Academie voor   Muziek,false,Kammeersweg,2,780,,,7,7,1
50,Gemeentelijke Academie voor   Muziek,true,Dorpsstraat,36_A ,849,25324086,25324086,7,7,1
51,Gemeentelijke Academie voor   Muziek,false,Koekoekstraat,2,849,,,7,7,1
52,Gemeentelijke Academie voor   Muziek,false,Steenweg Asse,231,1023,,,7,7,1
53,Gemeentelijke Academie voor   Muziek,false,Centrum,15,1031,,,7,7,1
54,Gemeentelijke Academie voor   Muziek,false,Edingsesteenweg,8_A  ,1031,,,7,7,1
55,Gemeentelijke Academie voor   Muziek,false,Markstraat,15,2286,,,7,7,1
56,Academie Wilrijk,false,Carillolei,3,12,,,8,8,1
57,Academie Wilrijk,false,Terelststraat,69,589,,,8,8,1
58,Academie Wilrijk,false,Spoorweglaan,145,2742,,,8,8,1
59,Academie Wilrijk,true,Doornstraat,8,2742,33385450,,8,8,1
60,Gemeentelijke Academie voor   Muziek en Woord,true,Kroninglaan,42,2263,27612887,22756691,9,9,1
61,Gemeentelijke Academie voor   Muziek en Woord,false,Heilige-Familieplein,1,2263,,,9,9,1
62,Gemeentelijke Academie voor   Muziek en Woord,false,Vervloesemstraat,36,2263,,,9,9,1
63,Gemeentelijke Academie voor   Muziek en Woord,false,Heilige-Familieplein,1,2263,,,9,9,1
64,Gemeentelijke Academie voor   Muziek en Woord,false,Floréallaan,14,2474,,,9,9,1
65,Gemeentelijke Academie voor   Muziek en Woord,false,François Vervloetstraat,10,2474,,,9,9,1
66,Muziekacademie van het        Gemeenschapsonderwijs,false,Generaal Fivéstraat,42,672,,,10,10,2
67,Muziekacademie van het        Gemeenschapsonderwijs,true,Oudergemlaan,124,672,27335965,27333945,10,10,2
68,Muziekacademie van het        Gemeenschapsonderwijs,false,Edmond Mesenslaan,2,672,,,10,10,2
69,Muziekacademie van het        Gemeenschapsonderwijs,false,Henri de Brouckèrelaan,16,1888,,,10,10,2
70,Muziekacademie van het        Gemeenschapsonderwijs,false,Louis Vander Swaelmenlaan,25,2669,,,10,10,2
71,Stedelijke Academie voor      Muziek,false,Schoolstraat,2,81,,,11,11,1
72,Stedelijke Academie voor      Muziek,false,Boudewijnstraat,18,183,,,11,11,1
73,Stedelijke Academie voor      Muziek,false,Peperstraat,11,2043,,,11,11,1
74,Stedelijke Academie voor      Muziek,true,Academieplein,17,2469,14413638,14428617,11,11,1
75,Stedelijke Academie voor      Muziek,false,Kapelweg,56,2469,,,11,11,1
76,Stedelijke Academie voor      Muziek,false,Grote Markt,100,2469,,,11,11,1
77,Stedelijke Academie voor      Muziek,false,Kerkstraat,64,2581,,,11,11,1
78,Stedelijke Academie voor      Muziek,false,Konijnenbergpad,5_7  ,2596,,,11,11,1
79,Gemeentelijke Academie voor   Muziek,true,Dr. H. Folletlaan,24,2693,24620635,,12,12,1
80,Gemeentelijke Academie voor   Muziek,false,Zijp,101,2693,,,12,12,1
81,Gemeentelijke Academie voor   Muziek,false,J. Vanden Broeckstraat,29,2693,,,12,12,1
82,Kunstacademie,false,Vierkeerstraat,26,988,,,13,13,1
83,Kunstacademie,false,Dalestraat,40,2234,,,13,13,1
84,Kunstacademie,false,Otegemstraat,238,2822,,,13,13,1
85,Kunstacademie,false,Stedestraat,39,2822,,,13,13,1
86,Hoofdstedelijke Academie voor Muziek,true,Nieuwland,198,383,,,14,14,1
87,Hoofdstedelijke Academie voor Muziek,false,Verdunstraat,381,957,,,14,14,1
88,Hoofdstedelijke Academie voor Muziek,false,Emile Bockstaellaan,107,1294,,,14,14,1
89,Hoofdstedelijke Academie voor Muziek,false,Louis Wittouckstraat,46,1294,,,14,14,1
90,Hoofdstedelijke Academie voor Muziek,false,Reper-Vrevenstraat,100,1294,,,14,14,1
91,Hoofdstedelijke Academie voor Muziek,false,Driegatenstraat,2,1707,,,14,14,1
92,Stedelijke Kunstacademie,false,Landergemstraat,1_B2 ,71,,,15,15,1
93,Stedelijke Kunstacademie,false,Schoolstraat,4,240,,,15,15,1
94,Stedelijke Kunstacademie,false,Koning Albertstraat,41,240,,,15,15,1
95,Stedelijke Kunstacademie,false,Georges Coornaertdreef,     ,534,,,15,15,1
96,Stedelijke Kunstacademie,false,Pompoenstraat,44,534,,,15,15,1
97,Stedelijke Kunstacademie,false,Pastoor Verrieststraat,12,1142,,,15,15,1
98,Stedelijke Kunstacademie,false,Wakkensesteenweg,11,1791,,,15,15,1
99,Stedelijke Kunstacademie,false,Koekoekstraat,26,2237,,,15,15,1
100,Stedelijke Kunstacademie,false,Beukenhofstraat,38,2518,,,15,15,1
101,Stedelijke Kunstacademie,false,Markegemstraat,49,2628,,,15,15,1
102,Stedelijke Kunstacademie,false,Sint-Jozefsstraat,3,2653,,,15,15,1
103,Stedelijke Kunstacademie,true,Olmstraat,25_29,2653,56600918,56600987,15,15,1
104,Stedelijke Kunstacademie,false,Markt,32,2653,,,15,15,1
105,Stedelijke Kunstacademie,false,Remi Vanmeerhaeghestraat,61,2653,,,15,15,1
106,Stedelijke Kunstacademie,false,Guido Gezellestraat,55,2723,,,15,15,1
107,Stedelijke Academie voor      Muziek Woord en Dans,false,Serpentsstraat,15,601,,,16,16,1
108,Stedelijke Academie voor      Muziek Woord en Dans,false,Driesleutelsstraat,11,1524,,,16,16,1
109,Stedelijke Academie voor      Muziek Woord en Dans,false,Martijn van Torhoutstraat,190,1885,,,16,16,1
110,Stedelijke Academie voor      Muziek Woord en Dans,false,Galgestraat,2,1885,,,16,16,1
111,Stedelijke Academie voor      Muziek Woord en Dans,true,Parkstraat,2_A  ,1885,55314584,55314584,16,16,1
112,Stedelijke Academie voor      Muziek-Woord-Dans,false,Sint-Andriesstraat,2,209,,,17,17,1
113,Stedelijke Academie voor      Muziek-Woord-Dans,false,Pastorijstraat,48_50,1750,,,17,17,1
114,Stedelijke Academie voor      Muziek-Woord-Dans,false,Edgard Tinelstraat,29,2224,,,17,17,1
115,Stedelijke Academie voor      Muziek-Woord-Dans,false,Kardinaal J.Cardijnstraat,     ,2242,,,17,17,1
116,Stedelijke Academie voor      Muziek-Woord-Dans,false,Sint-Nicolaasplein,z/n  ,2284,,,17,17,1
117,Stedelijke Academie voor      Muziek-Woord-Dans,true,Hofstraat,13,2284,37783850,,17,17,1
118,Stedelijke Academie voor      Muziek-Woord-Dans,false,Vakschoolhof,26,2284,,,17,17,1
119,Stedelijke Academie voor      Muziek-Woord-Dans,false,Polenlaan,46,2355,,,17,17,1
120,Stedelijke Academie voor      Muziek-Woord-Dans,false,Hoogkamerstraat,1,2385,,,17,17,1
121,Gemeentelijke Kunstacademie,false,Dorpstraat,9,172,,,18,18,1
122,Gemeentelijke Kunstacademie,false,Kallobaan,1,243,,,18,18,1
123,Gemeentelijke Kunstacademie,true,Lijsterbessenlaan,24,243,37753579,37753579,18,18,1
124,Gemeentelijke Kunstacademie,false,Willem Van Doornyckstraat,69,909,,,18,18,1
125,Gemeentelijke Kunstacademie,false,Hoog-Kallostraat,30,1194,,,18,18,1
126,Gemeentelijke Kunstacademie,false,Molenstraat,58,1227,,,18,18,1
127,Gemeentelijke Kunstacademie,false,Schoolstraat,15,1565,,,18,18,1
128,Gemeentelijke Kunstacademie,false,Nieuwe Baan,8,2604,,,18,18,1
129,Gemeentelijke Kunstacademie,false,Dorp Oost,45,2825,,,18,18,1
130,Academie de Kunstbrug         Gent,false,Kerkham,3_D/ ,535,,,19,19,1
131,Academie de Kunstbrug         Gent,false,Cataloniëstraat,1,802,,,19,19,1
132,Academie de Kunstbrug         Gent,false,Ottogracht,4,802,,,19,19,1
133,Academie de Kunstbrug         Gent,false,Coupure,52,802,,,19,19,1
134,Academie de Kunstbrug         Gent,false,Braemkasteelstraat,29,804,,,19,19,1
135,Academie de Kunstbrug         Gent,false,Watertorenstraat,5,804,,,19,19,1
136,Academie de Kunstbrug         Gent,true,Braemkasteelstraat,26,804,92302121,92309553,19,19,1
137,Academie de Kunstbrug         Gent,false,Trekweg,1,1505,,,19,19,1
138,Academie de Kunstbrug         Gent,false,Wautersdreef,25,1559,,,19,19,1
139,Academie de Kunstbrug         Gent,false,Brusselsesteenweg,397,1559,,,19,19,1
140,Academie voor Muziek,true,Stationsstraat,141,8,93743654,93743881,20,20,1
141,Academie voor Muziek,false,Hoogte,3,8,,,20,20,1
142,Academie voor Muziek,false,Rollebaanstraat,10,182,,,20,20,1
143,Academie voor Muziek,false,Mevrouw Courtmanslaan,82,1480,,,20,20,1
144,Academie voor Muziek,false,Nieuwstraat,8,2112,,,20,20,1
145,KunstAcademie Vlaamse Ardennen,false,St.-Martensstraat,51,362,,,21,21,1
146,KunstAcademie Vlaamse Ardennen,false,Stationsstraat,8,1234,,,21,21,1
147,KunstAcademie Vlaamse Ardennen,false,Nederholbeekstraat,1,1463,,,21,21,1
148,KunstAcademie Vlaamse Ardennen,true,Wolvestraat,37,2084,55211928,55208574,21,21,1
149,Stedelijke Academie voor      Podiumkunsten Westhoek,false,St.-Rijkersstraat,8,35,,,22,22,1
150,Stedelijke Academie voor      Podiumkunsten Westhoek,false,Koninklijke Baan,7,520,,,22,22,1
151,Stedelijke Academie voor      Podiumkunsten Westhoek,false,Helvetiastraat,47,1243,,,22,22,1
152,Stedelijke Academie voor      Podiumkunsten Westhoek,false,IJzerstraat,6,1346,,,22,22,1
153,Stedelijke Academie voor      Podiumkunsten Westhoek,false,Hoogstraat,2,1752,,,22,22,1
154,Stedelijke Academie voor      Podiumkunsten Westhoek,false,Dorpsstraat,4,1829,,,22,22,1
155,Stedelijke Academie voor      Podiumkunsten Westhoek,true,Noordstraat,18,2514,58330571,58330599,22,22,1
156,Stedelijke Academie voor      Muziek,false,Stationsstraat,17,2186,,,23,23,1
157,Stedelijke Academie voor      Muziek,false,Meerlaan,48,2813,,,23,23,1
158,Stedelijke Academie voor      Muziek,false,Kasteelstraat,30,2813,,,23,23,1
159,Stedelijke Academie voor      Muziek,true,Firmin Bogaertstraat,12,2813,93646407,93646408,23,23,1
160,KADE Podiumkunsten,true,Kalkhofstraat,25,524,93819640,93819649,24,24,1
161,KADE Podiumkunsten,false,Waregemsesteenweg,22,1267,,,24,24,1
162,KADE Podiumkunsten,false,Dorp,10_a ,1705,,,24,24,1
163,KADE Podiumkunsten,false,Burgemeesterstraat,7,2278,,,24,24,1
164,KADE Podiumkunsten,false,Centrumstraat,5,2818,,,24,24,1
165,Hagelandse Academie voor      Muziek en Woord,false,Nieuwland,3,9,,,25,25,1
166,Hagelandse Academie voor      Muziek en Woord,true,Grauwzustersstraat,10,544,13326929,13327513,25,25,1
167,Hagelandse Academie voor      Muziek en Woord,false,Vestenstraat,1,544,,,25,25,1
168,Hagelandse Academie voor      Muziek en Woord,false,Hombergstraat,1,1310,,,25,25,1
169,Hagelandse Academie voor      Muziek en Woord,false,Dorpsstraat,82,1626,,,25,25,1
170,Hagelandse Academie voor      Muziek en Woord,false,Provinciebaan,4,2096,,,25,25,1
171,Hagelandse Academie voor      Muziek en Woord,false,Schoolstraat,44,2096,,,25,25,1
172,Hagelandse Academie voor      Muziek en Woord,false,Vroentestraat,22,2182,,,25,25,1
173,Hagelandse Academie voor      Muziek en Woord,false,August Nihoulstraat,76_B ,2191,,,25,25,1
174,Hagelandse Academie voor      Muziek en Woord,false,Sint Jansstraat,82,2697,,,25,25,1
175,Kunstacademie Regio Tienen,false,Kerkomsesteenweg,45,346,,,26,26,1
176,Kunstacademie Regio Tienen,false,Dries,26,831,,,26,26,1
177,Kunstacademie Regio Tienen,false,Stoopkensstraat,82,1065,,,26,26,1
178,Kunstacademie Regio Tienen,false,Dorpsplein,33,1257,,,26,26,1
179,Kunstacademie Regio Tienen,false,Martelarenplaats,1,1457,,,26,26,1
180,Kunstacademie Regio Tienen,false,Dorpsstraat,2,1457,,,26,26,1
181,Kunstacademie Regio Tienen,false,Neerlintersesteenweg,22,1852,,,26,26,1
182,Kunstacademie Regio Tienen,false,Kerkplein,2,1922,,,26,26,1
183,Kunstacademie Regio Tienen,false,Leuvensesteenweg,187,2255,,,26,26,1
184,Kunstacademie Regio Tienen,false,Blerebergstraat,4,2425,,,26,26,1
185,Kunstacademie Regio Tienen,false,Kapucijnenstraat,57,2428,,,26,26,1
186,Kunstacademie Regio Tienen,false,Kapucijnenstraat,57,2428,,,26,26,1
187,Kunstacademie Regio Tienen,true,Grote Markt,3,2428,16805688,16821489,26,26,1
188,Kunstacademie Ter Beuken,false,Dam,67,605,,,27,27,1
189,Kunstacademie Ter Beuken,false,Schoolstraat,18,1421,,,27,27,1
190,Kunstacademie Ter Beuken,true,Groendreef,8,1425,93480181,93480181,27,27,1
191,Kunstacademie Ter Beuken,false,Nijverheidslaan,48,2621,,,27,27,1
192,Kunstacademie Ter Beuken,false,Bookmolenstraat,2,2790,,,27,27,1
193,Gemeentelijke Muziekacademie,false,Berdenweg,5,349,,,28,28,1
194,Gemeentelijke Muziekacademie,false,Bovenpad,7,890,,,28,28,1
195,Gemeentelijke Muziekacademie,false,Quinten Matsyslaan,35_A ,890,,,28,28,1
196,Gemeentelijke Muziekacademie,true,Albertstraat,8,1022,14500855,,28,28,1
197,Gemeentelijke Muziekacademie,false,Bouwelse Steenweg,8,1022,,,28,28,1
198,Stedelijke Servaisacademie    voor Muziek Woord en Dans,true,Kardinaal Cardijnstraat,7,926,23659760,23659769,29,29,1
199,Stedelijke Academie voor      Muziek,false,Molenveld,26,609,,,30,30,1
200,Stedelijke Academie voor      Muziek,false,Groenstraat,21_b ,2556,22513281,22513281,30,30,1
201,Stedelijke Academie voor      Muziek,true,Bolwerkstraat,27,2556,,,30,30,1
202,Stedelijke Academie voor      Muziek,false,Heldenplein,     ,2556,,,30,30,1
203,Stedelijke Academie voor      Muziek,false,Aarschotsestraat,94,2556,,,30,30,1
204,Gemeentelijke Academie voor   Muziek en Woord,false,Bevrijdingsstraat,1,147,,,31,31,1
205,Gemeentelijke Academie voor   Muziek en Woord,false,Vaartstraat,29,147,,,31,31,1
206,Gemeentelijke Academie voor   Muziek en Woord,false,Lorzestraat,37,533,,,31,31,1
207,Gemeentelijke Academie voor   Muziek en Woord,false,Gemeenteheistraat,1,1622,,,31,31,1
208,Gemeentelijke Academie voor   Muziek en Woord,false,Schoolstraat,3,1622,,,31,31,1
209,Gemeentelijke Academie voor   Muziek en Woord,true,Guido Gezellestraat,31_A ,1622,14313821,14330929,31,31,1
210,Gemeentelijke Academie voor   Muziek en Woord,false,St.-Odradastraat,10,1622,,,31,31,1
211,Gemeentelijke Academie voor   Muziek en Woord,false,Markt,     ,1622,,,31,31,1
212,Gemeentelijke Academie voor   Muziek en Woord,false,Jozef Calasanzstraat,2_A  ,1622,,,31,31,1
213,Gemeentelijke Academie voor   Muziek en Woord,false,Sluis,156,1622,,,31,31,1
214,Gemeentelijke Academie voor   Muziek en Woord,false,Stotert,77,1808,,,31,31,1
215,Gemeentelijke Academie voor   Muziek en Woord,false,Dorpsstraat,146,648,,,32,32,1
216,Gemeentelijke Academie voor   Muziek en Woord,true,Markt,5,1333,53806820,,32,32,1
217,Gemeentelijke Academie voor   Muziek en Woord,false,Margote,114,2720,,,32,32,1
218,Gemeentelijke Academie voor   Muziek en Woord Oud-Heverlee,false,Schoolstraat,37,248,,,33,33,1
219,Gemeentelijke Academie voor   Muziek en Woord Oud-Heverlee,false,Bierbeekstraat,4,272,,,33,33,1
220,Gemeentelijke Academie voor   Muziek en Woord Oud-Heverlee,false,Armand Verheydenstraat,     ,910,,,33,33,1
221,Gemeentelijke Academie voor   Muziek en Woord Oud-Heverlee,true,Armand Verheydenstraat,19,910,16401617,16401617,33,33,1
222,Gemeentelijke Academie voor   Muziek en Woord Oud-Heverlee,false,Dorpsstraat,85,1881,,,33,33,1
223,Gemeentelijke Academie voor   Muziek en Woord Oud-Heverlee,false,Beekstraat,13,2254,,,33,33,1
224,Gemeentelijke Academie voor   Muziek en Woord Oud-Heverlee,false,Prosperdreef,9,2478,,,33,33,1
225,Stedelijke Academie voor      Muziek,false,Bavikhovedorp,16,171,,,34,34,1
226,Stedelijke Academie voor      Muziek,false,Vichtesteenweg,29,522,,,34,34,1
227,Stedelijke Academie voor      Muziek,false,Sint-Amandusstraat,16,522,,,34,34,1
228,Stedelijke Academie voor      Muziek,false,Pladijsstraat,276,522,,,34,34,1
229,Stedelijke Academie voor      Muziek,true,Toekomststraat,29,956,56714810,56733569,34,34,1
230,Stedelijke Academie voor      Muziek,false,Generaal Deprezstraat,91,956,,,34,34,1
231,Stedelijke Academie voor      Muziek,false,Ballingenweg,     ,956,,,34,34,1
232,Stedelijke Academie voor      Muziek,false,Tieltsestraat,31,1128,,,34,34,1
233,Gemeentelijke Kunstacademie,true,Kamerijklaan,50,550,24663096,24631624,35,35,1
234,Gemeentelijke Kunstacademie,false,Kerkstraat,     ,1148,,,35,35,1
235,Gemeentelijke Kunstacademie,false,E. Eylenboschstraat,27,2190,,,35,35,1
236,KunstAcademie Beeld Muziek    Woord,true,Pastoor De Nevestraat,26,592,93771852,93771757,36,36,1
237,KunstAcademie Beeld Muziek    Woord,false,Dreef,47,1393,,,36,36,1
238,KunstAcademie Beeld Muziek    Woord,false,Nijverheidsstraat,1_A  ,1393,,,36,36,1
239,Stedelijke Academie voor      Muziek en Woord,true,de Smet de Naeyerlaan,141_1,273,50413327,50424457,37,37,1
240,Academie voor Muziek en Woord,false,Schoolstraat,7,933,,,38,38,1
241,Academie voor Muziek en Woord,false,Dorpsstraat,19,1273,,,38,38,1
242,Academie voor Muziek en Woord,false,Schoolstraat,10,1833,,,38,38,1
243,Academie voor Muziek en Woord,false,Engsbergseweg,107,2394,,,38,38,1
244,Academie voor Muziek en Woord,true,Stationsstraat,40,2394,13666759,13674638,38,38,1
245,Academie voor Muziek en Woord,false,Markt,Z/N  ,2394,,,38,38,1
246,Stedelijke Academie           Conservatorium Muziek Woord   Dans,false,Waversebaan,66,1053,,,39,39,1
247,Stedelijke Academie           Conservatorium Muziek Woord   Dans,false,Celestijnenlaan,19,1053,,,39,39,1
248,Stedelijke Academie           Conservatorium Muziek Woord   Dans,false,Erasme Ruelensvest,115,1053,,,39,39,1
249,Stedelijke Academie           Conservatorium Muziek Woord   Dans,false,Kortrijksebaan,2,1082,,,39,39,1
250,Stedelijke Academie           Conservatorium Muziek Woord   Dans,false,Rerum Novarumlaan,5,1222,,,39,39,1
251,Stedelijke Academie           Conservatorium Muziek Woord   Dans,true,Dirk Boutslaan,60_62,1373,16222121,16222121,39,39,1
252,Stedelijke Academie           Conservatorium Muziek Woord   Dans,false,Halfmaartstraat,     ,1373,,,39,39,1
253,Stedelijke Academie           Conservatorium Muziek Woord   Dans,false,Appelweg,4,1753,,,39,39,1
254,Stedelijke Academie           Conservatorium Muziek Woord   Dans,false,Baron Descampslaan,105,2730,,,39,39,1
255,Stedelijke Academie voor      Podiumkunsten Adriaan Willaert,false,Plaats,28,505,,,40,40,1
256,Stedelijke Academie voor      Podiumkunsten Adriaan Willaert,false,Nieuwplaats,     ,828,,,40,40,1
257,Stedelijke Academie voor      Podiumkunsten Adriaan Willaert,false,Koolskampstraat,24,828,,,40,40,1
258,Stedelijke Academie voor      Podiumkunsten Adriaan Willaert,false,Hogestraat,25,1089,,,40,40,1
259,Stedelijke Academie voor      Podiumkunsten Adriaan Willaert,false,Sint-Jorisplein,1,1240,,,40,40,1
260,Stedelijke Academie voor      Podiumkunsten Adriaan Willaert,false,Torhoutstraat,36,1256,,,40,40,1
261,Stedelijke Academie voor      Podiumkunsten Adriaan Willaert,false,Sint-Eloois-Winkelstraat,84_A ,1335,,,40,40,1
262,Stedelijke Academie voor      Podiumkunsten Adriaan Willaert,false,Beverenstraat,18,1382,,,40,40,1
263,Stedelijke Academie voor      Podiumkunsten Adriaan Willaert,false,Roeselaarsestraat,60,1660,,,40,40,1
264,Stedelijke Academie voor      Podiumkunsten Adriaan Willaert,false,Roeselarestraat,61,1838,,,40,40,1
265,Stedelijke Academie voor      Podiumkunsten Adriaan Willaert,false,Brugsesteenweg,75,2070,,,40,40,1
266,Stedelijke Academie voor      Podiumkunsten Adriaan Willaert,false,Leeuwerikstraat,30,2070,,,40,40,1
267,Stedelijke Academie voor      Podiumkunsten Adriaan Willaert,false,Izegemseaardeweg,30,2070,,,40,40,1
268,Stedelijke Academie voor      Podiumkunsten Adriaan Willaert,true,Meenseheirweg,20,2070,51229707,51228537,40,40,1
269,Stedelijke Academie voor      Podiumkunsten Adriaan Willaert,false,Bornstraat,52,2070,,,40,40,1
270,Stedelijke Academie voor      Podiumkunsten Adriaan Willaert,false,Blinde-Rodenbachstraat,23,2115,,,40,40,1
271,Stedelijke Academie voor      Podiumkunsten Adriaan Willaert,false,Ieperstraat,105,2243,,,40,40,1
272,KunstAcademie afdeling        Muziek en Woord,false,Dorp,101,212,,,41,41,1
273,KunstAcademie afdeling        Muziek en Woord,false,Dorp,94,212,,,41,41,1
274,KunstAcademie afdeling        Muziek en Woord,false,Dorpsplein,1,1520,,,41,41,1
275,KunstAcademie afdeling        Muziek en Woord,false,Fabrieksstraat,19,2268,,,41,41,1
276,KunstAcademie afdeling        Muziek en Woord,true,Schooldreef,40,2713,93692490,93665623,41,41,1
277,KunstAcademie afdeling        Muziek en Woord,false,Markt,     ,2713,,,41,41,1
278,dé Academie,false,Kloosterlaan,4,232,,,42,42,1
279,dé Academie,false,Boezingestraat,2_A  ,289,,,42,42,1
280,dé Academie,false,Dikkebusstraat,234,571,,,42,42,1
281,dé Academie,false,Capucienenstraat,102,1138,,,42,42,1
282,dé Academie,true,Weverijstraat,35,1138,57202284,57203150,42,42,1
283,dé Academie,false,Vandenpeereboomplein,     ,1138,,,42,42,1
284,dé Academie,false,Poelkapellestraat,36,1311,,,42,42,1
285,dé Academie,false,4e Regiment Karabiniersstraat,9,1914,,,42,42,1
286,dé Academie,false,Wervikstraat,     ,2804,,,42,42,1
287,dé Academie,false,Langemarkstraat,2,2811,,,42,42,1
288,dé Academie,false,Ieperstraat,54,2811,,,42,42,1
289,"Academie voor Muziek en Woord ""De Noorderkempen""",true,Pastoor de Katerstraat,5,133,14699539,14699588,43,43,1
290,"Academie voor Muziek en Woord ""De Noorderkempen""",false,Vrijheid,     ,1091,,,43,43,1
291,"Academie voor Muziek en Woord ""De Noorderkempen""",false,Karel Boomstraat,44,1091,,,43,43,1
292,"Academie voor Muziek en Woord ""De Noorderkempen""",false,Markt,     ,1581,,,43,43,1
293,"Academie voor Muziek en Woord ""De Noorderkempen""",false,Markt,17,1581,,,43,43,1
294,"Academie voor Muziek en Woord ""De Noorderkempen""",false,Molenstraat,5,2053,,,43,43,1
295,"Academie voor Muziek en Woord ""De Noorderkempen""",false,Koning Albertstraat,57,2682,,,43,43,1
296,"Academie voor Muziek en Woord ""De Noorderkempen""",false,Poeleinde,2,2762,,,43,43,1
297,Stedelijke Muziekacademie,false,Schuttershof,2_B  ,785,,,44,44,1
298,Stedelijke Muziekacademie,false,Stationsstraat,11,785,,,44,44,1
299,Stedelijke Muziekacademie,true,Stationsstraat,29,785,14588004,,44,44,1
300,Stedelijke Muziekacademie,false,Larum,9,785,,,44,44,1
301,Stedelijke Muziekacademie,false,Smissestraat,3,1286,,,44,44,1
302,Stedelijke Muziekacademie,false,Schoolstraat,42,1286,,,44,44,1
303,Stedelijke Muziekacademie,false,Gasthuisstraat,33,1541,,,44,44,1
304,Stedelijke Muziekacademie,false,Gasthuisstraat,29,1541,,,44,44,1
305,Stedelijke Muziekacademie,false,Veerledorp,18,2493,,,44,44,1
306,Stedelijke Muziekacademie,false,Jos Geunsplein,     ,2704,,,44,44,1
307,Stedelijke Muziekacademie,false,Boerenkrijglaan,25,2704,,,44,44,1
308,Stedelijke Muziekacademie,false,Loofven,12,2704,,,44,44,1
309,Stedelijke Muziekacademie,false,Schoolstraat,1,2704,,,44,44,1
310,Stedelijke Muziekacademie,false,Emiel Stalmanslaan,2,2704,,,44,44,1
311,Academie Borgerhout           Muziek-Woord,false,Grotehondstraat,50_52,63,,,45,45,1
312,Academie Borgerhout           Muziek-Woord,false,Constitutiestraat,61_63,68,,,45,45,1
313,Academie Borgerhout           Muziek-Woord,false,Geluwestraat,4,213,,,45,45,1
314,Academie Borgerhout           Muziek-Woord,true,Collegelaan,3,319,32924350,32924359,45,45,1
315,Academie Borgerhout           Muziek-Woord,false,Te Boelaarpark,5,319,,,45,45,1
316,Gemeentelijke Academie voor   Muziek en Woord,false,Kerkstraat,     ,2226,,,46,46,1
317,Gemeentelijke Academie voor   Muziek en Woord,false,Gemeenteplein,2,891,,,47,47,1
318,Gemeentelijke Academie voor   Muziek en Woord,true,Koning Boudewijnplein,3,2226,24651605,24690001,47,47,1
319,Gemeentelijke Academie voor   Muziek en Woord,false,Dilbeekstraat,1,2226,,,47,47,1
320,Gemeentelijke Academie voor   Muziek en Woord,false,Brusselsesteenweg,543,2792,,,47,47,1
321,Academie voor                 Muziek,false,Bogaarsveldstraat,     ,219,,,48,48,1
322,Academie voor                 Muziek,false,Bivakstraat,6,244,,,48,48,1
323,Academie voor                 Muziek,false,Sint-Trudoplein,14,997,,,48,48,1
324,Academie voor                 Muziek,false,Schomstraat,6,1047,,,48,48,1
325,Academie voor                 Muziek,false,Minderbroedersstraat,9,1047,,,48,48,1
326,Academie voor                 Muziek,false,Pastorijstraat,30,1110,,,48,48,1
327,Academie voor                 Muziek,false,Kastanjestraat,7,1110,,,48,48,1
328,Academie voor                 Muziek,false,Herebaan-West,41,1111,,,48,48,1
329,Academie voor                 Muziek,false,Huidevettersstraat,5,1111,,,48,48,1
330,Academie voor                 Muziek,false,Koersel-Dorp,9_1  ,1242,,,48,48,1
331,Academie voor                 Muziek,true,Harpstraat,14,1242,11424277,11452817,48,48,1
332,Academie voor                 Muziek,false,Hospitaalstraat,     ,1242,,,48,48,1
333,Academie voor                 Muziek,false,Kastanjedreef,1,1357,,,48,48,1
334,Academie voor                 Muziek,false,Kerkstraat,12_A ,1459,,,48,48,1
335,Academie voor                 Muziek,false,Tessenderlosesteenweg,18,1905,,,48,48,1
336,Academie voor                 Muziek,false,Beekbeemdenhof,1,2808,,,48,48,1
337,"Academie ""Peter Benoit"" voor  Muziek",true,Hendrik Ghijselenstraat,19,1352,25325465,,49,49,1
338,"Academie ""Peter Benoit"" voor  Muziek",false,Andreas Masiusplein,     ,1352,,,49,49,1
339,"Academie ""Peter Benoit"" voor  Muziek",false,Schapenstraat,42,2280,,,49,49,1
340,Academie Tongeren Muziek en   Woord,false,Nieuwland,11_B ,320,,,50,50,2
341,Academie Tongeren Muziek en   Woord,false,Europalaan,2,1071,,,50,50,2
342,Academie Tongeren Muziek en   Woord,true,Sacramentstraat,70,2444,12237038,12241230,50,50,2
343,GA voor Kunst/                Muziek,false,Marktplein,     ,543,,,51,51,1
344,GA voor Kunst/                Muziek,false,Pastorijstraat,2,543,,,51,51,1
345,GA voor Kunst/                Muziek,false,Kloosterstraat,34,543,,,51,51,1
346,GA voor Kunst/                Muziek,false,Rooierheidestraat,103,543,,,51,51,1
347,GA voor Kunst/                Muziek,false,Ganzebroekstraat,Z/N  ,543,,,51,51,1
348,GA voor Kunst/                Muziek,false,Molenstraat,Z/N  ,799,,,51,51,1
349,GA voor Kunst/                Muziek,false,Boxbergstraat,1,799,,,51,51,1
350,GA voor Kunst/                Muziek,true,Stadsplein,1,799,89309611,89356455,51,51,1
351,GA voor Kunst/                Muziek,false,Zonhoverweg,67,799,,,51,51,1
352,GA voor Kunst/                Muziek,false,Margarethalaan,70_1 ,799,,,51,51,1
353,GA voor Kunst/                Muziek,false,Halmstraat,6,799,,,51,51,1
354,GA voor Kunst/                Muziek,false,Collegelaan,1,799,,,51,51,1
355,GA voor Kunst/                Muziek,false,Gildenstraat,10,1889,,,51,51,1
356,Academie Voeren-Riemst,true,Kloosterstraat,19,2125,43811119,43812259,52,52,2
357,Academie Voeren-Riemst,false,St.-Jansstraat,8_8A ,1018,,,52,52,2
358,Academie Voeren-Riemst,false,St.-Hubertusstraat,9,1200,,,52,52,2
359,Academie Voeren-Riemst,false,Kerkstraat,28,2049,,,52,52,2
360,Academie Voeren-Riemst,false,Kerkstraat,35,2049,,,52,52,2
361,Academie Voeren-Riemst,false,Grote Straat,64,2479,,,52,52,2
362,Academie Voeren-Riemst,false,De Plank,81,2586,,,52,52,2
363,Conservatorium aan Zee,false,Hoogstraat,1,827,,,53,53,1
364,Conservatorium aan Zee,true,Romestraat,36,1831,59707008,,53,53,1
365,Conservatorium aan Zee,false,Hoogstraat,17,1887,,,53,53,1
366,Academie Haspengouw Podium,false,Dorpsstraat,7_B  ,788,,,54,54,1
367,Academie Haspengouw Podium,false,Hannuitstraat,8,826,,,54,54,1
368,Academie Haspengouw Podium,false,Sportlaan,4_A  ,924,,,54,54,1
369,Academie Haspengouw Podium,false,Guldensporenlaan,     ,1026,,,54,54,1
370,Academie Haspengouw Podium,false,Diestsesteenweg,5,1026,,,54,54,1
371,Academie Haspengouw Podium,false,Opcosenstraat,7,1263,,,54,54,1
372,Academie Haspengouw Podium,false,Hannuitsesteenweg,80,1306,,,54,54,1
373,Academie Haspengouw Podium,false,Opheersstraat,z/n  ,1848,,,54,54,1
374,Academie Haspengouw Podium,true,Gazometerstraat,5,2294,,,54,54,1
375,Academie Haspengouw Podium,false,Grote Markt,Z/N  ,2294,,,54,54,1
376,Academie Haspengouw Podium,false,Nieuwe Steenweg,141,2513,,,54,54,1
377,Academie Haspengouw Podium,false,Prins Leopoldplaats,3,2815,,,54,54,1
378,Academie voor                 Muziek,false,Antwerpsesteenweg,79,1250,,,55,55,1
379,Academie voor                 Muziek,false,Van Dijckstraat,5,1674,,,55,55,1
380,Academie voor                 Muziek,true,Eggestraat,13,1674,34497277,34499334,55,55,1
381,Academie voor                 Muziek,false,Osylei,     ,1674,,,55,55,1
382,Academie Muziek-Woord         Berchem,false,Belgiëlei,99,63,,,56,56,1
383,Academie Muziek-Woord         Berchem,false,Durletstraat,8,63,,,56,56,1
384,Academie Muziek-Woord         Berchem,false,Sint-Hubertusstraat,12,213,,,56,56,1
385,Academie Muziek-Woord         Berchem,true,Willem Van Laarstraat,15,213,32864363,32834368,56,56,1
386,Academie Muziek-Woord         Berchem,false,Frans Van Hombeeckplein,29,213,,,56,56,1
387,Gemeentelijke Academie voor   Muziek,false,Visserij,8_A  ,2768,,,57,57,1
388,Gemeentelijke Academie voor   Muziek,false,Theo Verellenlaan,88,2768,,,57,57,1
389,Gemeentelijke Academie voor   Muziek,false,Kapelstraat,2,2768,,,57,57,1
390,Gemeentelijke Academie voor   Muziek,true,Dorpsstraat,87,2768,36904648,,57,57,1
391,Gemeentelijke Academie voor   Muziek,false,St-Jorisstraat,11,316,,,58,58,1
392,Gemeentelijke Academie voor   Muziek,false,Oude Baan,372,1465,,,58,58,1
393,Gemeentelijke Academie voor   Muziek,false,Steenakkerstraat,8,1465,,,58,58,1
394,Gemeentelijke Academie voor   Muziek,false,Hoekstraat,1,1465,,,58,58,1
395,Gemeentelijke Academie voor   Muziek,true,Zetellaan,50,1465,89769777,89769779,58,58,1
396,Gemeentelijke Academie voor   Muziek,false,Parklaan,3,1465,,,58,58,1
397,Gemeentelijke Academie voor   Muziek,false,Rijksweg,357,1465,,,58,58,1
398,Gemeentelijke Academie voor   Muziek,false,Schoolstraat,34,1465,,,58,58,1
399,GO! muziekacademie Alsemberg,true,Witteweg,18,34,23802042,23806741,59,59,2
400,GO! muziekacademie Alsemberg,false,H. Torleylaan,87,1124,,,59,59,2
401,GO! muziekacademie Alsemberg,false,Toekomstlaan,32_B ,2239,,,59,59,2
402,Stedelijke Academie voor      Muziek,false,Molenstraat,17,526,,,60,60,1
403,Stedelijke Academie voor      Muziek,false,Edingsesteenweg,344,529,,,60,60,1
404,Stedelijke Academie voor      Muziek,false,Sint-Goriksplein,17,908,,,60,60,1
405,Stedelijke Academie voor      Muziek,false,Muilenstraat,33,1383,,,60,60,1
406,Stedelijke Academie voor      Muziek,false,Gemeentehuisstraat,30,1539,,,60,60,1
407,Stedelijke Academie voor      Muziek,false,Meredorp,     ,1576,,,60,60,1
408,Stedelijke Academie voor      Muziek,true,Parklaan,13,1757,54334725,,60,60,1
409,Stedelijke Academie voor      Muziek,false,Burchtstraat,47_49,1757,,,60,60,1
410,Stedelijke Academie voor      Muziek,false,Kristus Koninglaan,Z/N  ,2368,,,60,60,1
411,Stedelijke Academie voor      Muziek,false,Pastorijstraat,60,220,,,61,61,1
412,Stedelijke Academie voor      Muziek,false,Jef Van Hoofplein,     ,285,,,61,61,1
413,Stedelijke Academie voor      Muziek,false,Gemeenteplein,25,374,,,61,61,1
414,Stedelijke Academie voor      Muziek,true,Gasthuisvest,50,1388,34804579,34804579,61,61,1
415,Stedelijke Academie voor      Muziek,false,Kapucijnenvest,16,1388,,,61,61,1
416,Stedelijke Academie voor      Muziek,false,Kardinaal Mercierplein,     ,1388,,,61,61,1
417,Stedelijke Academie voor      Muziek,false,Liersesteenweg,25,1411,,,61,61,1
418,Stedelijke Academie voor      Muziek,false,Dorpsplaats,1,1484,,,61,61,1
419,Stedelijke Academie voor      Muziek,false,Sint Jozeflei,26,1484,,,61,61,1
420,Stedelijke Academie voor      Muziek,false,Statiestraat,13,1754,,,61,61,1
421,Stedelijke Academie voor      Muziek,false,Amelbergastraat,26,2780,,,61,61,1
422,De Academie Buggenhout,true,Kasteelstraat,162,389,52339571,52341857,62,62,1
423,Academie voor Muziek en Woord Willebroek,false,Hinxelaar,4,269,,,63,63,2
424,Academie voor Muziek en Woord Willebroek,false,Blaasveldstraat,57,2440,,,63,63,2
425,Academie voor Muziek en Woord Willebroek,true,Kerkstraat,2_A  ,2739,38863390,38863390,63,63,2
426,"Kunstenacademie ""August De    Boeck"" Asse",false,Brusselbaan,117,23,,,64,64,1
427,"Kunstenacademie ""August De    Boeck"" Asse",false,Asphaltcosite,130,91,,,64,64,1
428,"Kunstenacademie ""August De    Boeck"" Asse",true,Neerstraat,19,91,24528379,,64,64,1
429,"Kunstenacademie ""August De    Boeck"" Asse",false,Stationsstraat,55,1574,,,64,64,1
430,"Kunstenacademie ""August De    Boeck"" Asse",false,Dendermondestraat,25,1574,,,64,64,1
431,"Kunstenacademie ""August De    Boeck"" Asse",false,Processiestraat,24,1858,,,64,64,1
432,"Kunstenacademie ""August De    Boeck"" Asse",false,Kerkstraat,4,2257,,,64,64,1
433,Jetse academie                Muziek-Woord-Dans,false,Zeypstraat,47,781,,,65,65,1
434,Jetse academie                Muziek-Woord-Dans,false,Kardinaal Mercierplein,1,1177,,,65,65,1
435,Jetse academie                Muziek-Woord-Dans,false,Léon Theodorstraat,167,1177,,,65,65,1
436,Jetse academie                Muziek-Woord-Dans,false,Laarbeeklaan,110,1177,,,65,65,1
437,Jetse academie                Muziek-Woord-Dans,true,Wilgstraat,1,1177,24267294,,65,65,1
438,Gemeentelijke Academie voor   Muziek en Woord,false,Kleistraat,4,245,,,66,66,1
439,Gemeentelijke Academie voor   Muziek en Woord,false,Kloosterstraat,9,262,,,66,66,1
440,Gemeentelijke Academie voor   Muziek en Woord,false,Hospitaalstraat,15,262,,,66,66,1
441,Gemeentelijke Academie voor   Muziek en Woord,false,Deken Paquayplein,1,262,,,66,66,1
442,Gemeentelijke Academie voor   Muziek en Woord,true,Biesweg,20,791,89712210,89732974,66,66,1
443,Gemeentelijke Academie voor   Muziek en Woord,false,Pastorijstraat,7,897,,,66,66,1
444,Gemeentelijke Academie voor   Muziek en Woord,false,Pastorijstraat,11,1302,,,66,66,1
445,Gemeentelijke Academie voor   Muziek en Woord,false,Appelboomgaardstraat,7_9  ,1688,,,66,66,1
446,Gemeentelijke Academie voor   Muziek en Woord,false,Sint Pieter,2,2029,,,66,66,1
447,Gemeentelijke Academie voor   Muziek en Woord,false,Kogelstraat,11,2054,,,66,66,1
448,Gemeentelijke Academie voor   Muziek en Woord,false,Kerkstraat,37,2091,,,66,66,1
449,Gemeentelijke Academie voor   Muziek en Woord,false,Schoolstraat,6,2820,,,66,66,1
450,Stedelijke Academie voor      Muziek en Woord en Dans,true,Hikstraat,28,1021,14213305,,67,67,1
451,Stedelijke Academie voor      Muziek en Woord en Dans,false,Kerkplein,     ,1021,,,67,67,1
452,Stedelijke Academie voor      Muziek en Woord en Dans,false,Augustijnenlaan,31,1021,,,67,67,1
453,Stedelijke Academie voor      Muziek en Woord en Dans,false,Kapelstraat,3,1206,,,67,67,1
454,Stedelijke Academie voor      Muziek en Woord en Dans,false,Schoolstraat,33,1381,,,67,67,1
455,Stedelijke Academie voor      Muziek en Woord en Dans,false,Ursulinenstraat,13,1398,,,67,67,1
456,Stedelijke Academie voor      Muziek en Woord en Dans,false,Gierlebaan,26,1398,,,67,67,1
457,Stedelijke Academie voor  Muziek en Woord en Dans,false,Ring,26,1770,,,67,67,1
458,Stedelijke Academie voor      Muziek en Woord en Dans,false,Lichtaartseweg,129,1804,,,67,67,1
459,Stedelijke Academie voor      Muziek en Woord en Dans,false,Kerkstraat,1,2423,,,67,67,1
460,Stedelijke Academie voor      Muziek en Woord en Dans,false,Mgr. Donchelei,7,2596,,,67,67,1
461,Stedelijke Academie voor      Muziek en Woord en Dans,false,Begonialaan,12,2681,,,67,67,1
462,Stedelijke Academie voor      Muziek en Woord,false,Karel van Manderstraat,26,1593,,,68,68,1
463,Stedelijke Academie voor      Muziek en Woord,false,Fonteinestraat,22,1953,,,68,68,1
464,Stedelijke Academie voor      Muziek en Woord,false,Molenweg,2,2426,,,68,68,1
465,Stedelijke Academie voor      Muziek en Woord,false,Generaal Maczekplein,     ,2426,,,68,68,1
466,Stedelijke Academie voor      Muziek en Woord,false,Krommewalstraat,z/n  ,2426,,,68,68,1
467,Stedelijke Academie voor      Muziek en Woord,true,Lakenmarkt,4,2426,51402318,51405189,68,68,1
468,Stedelijke Academie voor      Muziek en Woord,false,Nieuwstraat,16,2747,,,68,68,1
469,Stedelijke Academie voor      Muziek en Woord,false,Rozendalestraat,     ,2747,,,68,68,1
470,Stedelijke Academie voor      Muziek en Woord,false,Regenboogstraat,50,2823,,,68,68,1
471,Gemeentelijke Academie voor   Muziek,true,Ruwaal,14,887,22708238,22671990,69,69,1
472,Gemeentelijke Academie voor   Muziek,false,Nachtegaallaan,5,1130,,,69,69,1
473,Gemeentelijke Academie voor   Muziek,false,Verbeytstraat,40,2369,,,69,69,1
474,Stedelijke Academie voor      Podiumkunsten (muziek,true,Utopia,1,7,53732485,53732489,70,70,1
475,Stedelijke Academie voor      Podiumkunsten (muziek,false,Binnenstraat,157,7,,,70,70,1
476,Stedelijke Academie voor      Podiumkunsten (muziek,false,Nieuwstraat,62_A ,527,,,70,70,1
477,Stedelijke Academie voor      Podiumkunsten (muziek,false,Gaston De Schepperstraat,1,640,,,70,70,1
478,Stedelijke Academie voor      Podiumkunsten (muziek,false,Damkouterbaan,6,821,,,70,70,1
479,Stedelijke Academie voor      Podiumkunsten (muziek,false,Solleveld,35,1042,,,70,70,1
480,Gemeentelijke Academie voor   Muziek en Woord,false,Eikenstraat,     ,315,,,71,71,1
481,Gemeentelijke Academie voor   Muziek en Woord,true,Hospitaalstraat,27,315,38883670,,71,71,1
482,Gemeentelijke Academie voor   Muziek en Woord,false,Beenhouwerstraat,3,371,,,71,71,1
483,Gemeentelijke Academie voor   Muziek en Woord,false,Forum,9,1993,,,71,71,1
484,Gemeentelijke Academie voor   Muziek en Woord,false,Laarstraat,21,2028,,,71,71,1
485,Gemeentelijke Academie voor   Muziek en Woord,false,Kerkstraat,34,2111,,,71,71,1
486,GO! muziekacademie Schaarbeek,false,Edward Stuckensstraat,125,683,,,72,72,2
487,GO! muziekacademie Schaarbeek,false,Ganspoel,     ,1125,,,72,72,2
488,GO! muziekacademie Schaarbeek,false,Elzasstraat,19,1125,,,72,72,2
489,GO! muziekacademie Schaarbeek,false,Priesterdelle,16_18,1125,,,72,72,2
490,GO! muziekacademie Schaarbeek,false,E. Gilisstraat,7,1125,,,72,72,2
491,GO! muziekacademie Schaarbeek,true,Lambermontlaan,184,2181,22414139,22419643,72,72,2
492,Gemeentelijke Muziek- en Woordacademie,false,Schoolstraat,44,2193,,,73,73,1
493,Gemeentelijke Muziek- en Woordacademie,true,Bergenstraat,2,2733,33537541,33543567,73,73,1
494,Gemeentelijke Muziek- en Woordacademie,false,Achterstraat,20,2807,,,73,73,1
495,Stedelijke Academie voor      Muziek,false,Sint-Gillislaan,     ,528,,,74,74,1
496,Stedelijke Academie voor      Muziek,true,Kerkstraat,47,528,52218282,,74,74,1
497,Stedelijke Academie voor      Muziek,false,Dokter Haekstraat,33_A2,885,,,74,74,1
498,Stedelijke Academie voor      Muziek,false,Klinkaertstraat,28,2194,,,74,74,1
499,Academie Ekeren               Muziek-Woord,false,Antwerpsebaan,150,66,,,75,75,1
500,Academie Ekeren               Muziek-Woord,false,Schriek,358,604,,,75,75,1
501,Academie Ekeren               Muziek-Woord,false,Pastoor Goetschalckxstraat,57,604,,,75,75,1
502,Academie Ekeren               Muziek-Woord,true,Ferdinand Pauwelsstraat,102,604,35426210,35426211,75,75,1
503,Academie Ekeren               Muziek-Woord,false,Frans Harrewijnlaan,1,604,,,75,75,1
504,Academie Ekeren               Muziek-Woord,false,Kruisboogstraat,49,604,,,75,75,1
505,Kunstacademie Geraardsbergen,true,Grotestraat,20_A ,807,54434241,54434242,76,76,1
506,Stedelijk Conservatorium      Mechelen,false,Dorp,112,307,,,77,77,1
507,Stedelijk Conservatorium      Mechelen,false,Leibeekstraat,2,1083,,,77,77,1
508,Stedelijk Conservatorium      Mechelen,true,Melaan,3_5  ,1532,,,77,77,1
509,Stedelijk Conservatorium      Mechelen,false,Wilsonstraat,3,2256,,,77,77,1
510,MAAK - Open Academie voor     Kunsten,false,Pannenstraat,132,1238,,,78,78,1
511,MAAK - Open Academie voor     Kunsten,false,Stadhuisstraat,6,1238,,,78,78,1
512,MAAK - Open Academie voor     Kunsten,true,Van Steenestraat,9,1238,50630850,,78,78,1
513,MAAK - Open Academie voor     Kunsten,false,Maurice Lippensplein,     ,1238,,,78,78,1
514,Gemeentelijke academie voor   muziek,true,Mechelsestraat,63,1434,52300894,52311605,79,79,1
515,Gemeentelijke academie voor   muziek,false,Topmolen,77,1434,,,79,79,1
516,Gemeentelijke academie voor   muziek,false,Jozef Vermaesenplein,20,1481,,,79,79,1
517,GO! Academie voor Podium-     kunsten Overijse,false,Overijsesteenweg,16,1066,,,80,80,2
518,GO! Academie voor Podium-     kunsten Overijse,true,P.I. Taymansstraat,10,1900,26876805,,80,80,2
519,GO! Academie voor Podium-     kunsten Overijse,false,Fr. Verbeekstraat,     ,1900,,,80,80,2
520,GO! Academie voor Podium-     kunsten Overijse,false,Stationsplein,4,1900,,,80,80,2
521,GO! Academie voor Podium-     kunsten Overijse,false,Hippolyte Boulengerlaan,7,2392,,,80,80,2
522,Kunstacademie Zaventem,false,Bergstraat,15,1198,,,81,81,1
523,Kunstacademie Zaventem,false,Leuvensesteenweg,517,1258,,,81,81,1
524,Kunstacademie Zaventem,false,Beekstraat,25,1258,,,81,81,1
525,Kunstacademie Zaventem,true,Willem Lambertstraat,1,2786,27200528,27215903,81,81,1
526,Kunstacademie Zaventem,false,Rustoorddreef,1,2786,,,81,81,1
527,Stedelijk Conservatorium voor Muziek,false,Koutermanstraat,ZN   ,31,,,82,82,1
528,Stedelijk Conservatorium voor Muziek,false,Grotstraat,5,31,,,82,82,1
529,Stedelijk Conservatorium voor Muziek,true,Kunstlaan,12,967,11228575,11261495,82,82,1
530,Stedelijk Conservatorium voor Muziek,false,Kerkplein,1,2810,,,82,82,1
531,Stedelijk Conservatorium voor Muziek,false,Kneuterweg,2,2810,,,82,82,1
532,Stedelijk Conservatorium voor Muziek,false,Kleine Hemmenweg,4_A  ,2810,,,82,82,1
533,"Gemeentelijke Academie voor   Muziek en Woord ""Marcel Van   Heuven""",false,Bethaniëlei,89,366,,,83,83,1
534,"Gemeentelijke Academie voor   Muziek en Woord ""Marcel Van   Heuven""",true,Ploegsebaan,144,366,36630990,36332401,83,83,1
535,"Gemeentelijke Academie voor   Muziek en Woord ""Marcel Van   Heuven""",false,Leeuwenstraat,50,366,,,83,83,1
536,"Gemeentelijke Academie voor   Muziek en Woord ""Marcel Van   Heuven""",false,Bredabaan,1093,366,,,83,83,1
537,"Gemeentelijke Academie voor   Muziek en Woord ""Marcel Van   Heuven""",false,Donksesteenweg,150,366,,,83,83,1
538,"Gemeentelijke Academie voor   Muziek en Woord ""Marcel Van   Heuven""",false,Kapelsesteenweg,72,366,,,83,83,1
539,"Gemeentelijke Academie voor   Muziek en Woord ""Marcel Van   Heuven""",false,Antwerpsesteenweg,146,1202,,,83,83,1
540,Academie Merksem              Muziek-Woord-Dans,false,Gemeentepark,2,368,,,84,84,1
541,Academie Merksem              Muziek-Woord-Dans,true,Nieuwdreef,135,1580,36416020,36416025,84,84,1
542,Academie Merksem              Muziek-Woord-Dans,false,Kerklei,2,2250,,,84,84,1
543,Stedelijke Academie voor      Kunsten Maaseik,false,Kloosterstraat,13,370,,,85,85,1
544,Stedelijke Academie voor      Kunsten Maaseik,false,Weertersteenweg,363_1,1228,,,85,85,1
545,Stedelijke Academie voor      Kunsten Maaseik,false,Nelisveld,5_2  ,1228,,,85,85,1
546,Stedelijke Academie voor      Kunsten Maaseik,true,Boomgaardstraat,10,1464,89560860,,85,85,1
547,Stedelijke Academie voor      Kunsten Maaseik,false,Raadshof,16,1721,,,85,85,1
548,Stedelijke Academie voor      Kunsten Maaseik,false,Scholtisplein,1,1721,,,85,85,1
549,Stedelijke Academie voor      Kunsten Maaseik,false,Schoolstraat,20,1853,,,85,85,1
550,Kunstacademie voor Muziek,false,Schoolstraat,19,11,,,86,86,1
551,Kunstacademie voor Muziek,false,Kloosterstraat,5,2452,,,86,86,1
552,Kunstacademie voor Muziek,false,Herderstraat,1,2452,,,86,86,1
553,Kunstacademie voor Muziek,false,Sint-Henricusstraat,4,2452,,,86,86,1
554,Kunstacademie voor Muziek,false,Korenbloemstraat,6,2452,,,86,86,1
555,Kunstacademie voor Muziek,false,Steenveldstraat,2,2452,,,86,86,1
556,Kunstacademie voor Muziek,false,Revinzestraat,35,2452,,,86,86,1
557,Kunstacademie voor Muziek,false,Rijselstraat,110,2452,,,86,86,1
558,Kunstacademie voor Muziek,true,Bruggestraat,12,2452,,,86,86,1
559,Kunstacademie voor Muziek,false,Sint-Elooistraat,25,2787,,,86,86,1
560,Kunstacademie voor Muziek,false,Kloosterstraat,2,2787,,,86,86,1
561,Kunstacademie voor Muziek,false,Stadionlaan,48,2787,,,86,86,1
562,Kunstacademie voor Muziek,false,Ruddervoordsestraat,1,2787,,,86,86,1
563,Gemeentelijke Academie Voor   Muziek,false,Neerlandt,1,938,,,87,87,1
564,Gemeentelijke Academie Voor   Muziek,false,Peperstraat,16,938,,,87,87,1
565,Gemeentelijke Academie Voor   Muziek,false,Marktplein,Z/N  ,938,,,87,87,1
566,Gemeentelijke Academie Voor   Muziek,false,Scheldestraat,39,938,,,87,87,1
567,Gemeentelijke Academie Voor   Muziek,true,Marktplein,21,938,52478384,52484226,87,87,1
568,Gemeentelijke Academie Voor   Muziek,false,Jagerstraat,5,938,,,87,87,1
569,Gemeentelijke Academie Voor   Muziek,false,Meulenbroekstraat,28,938,,,87,87,1
570,Gemeentelijke Academie Voor   Muziek,false,Vredestraat,1,1616,,,87,87,1
571,Stedelijke Kunstacademie,false,Kerkstraat,6,87,,,88,88,1
572,Stedelijke Kunstacademie,false,Schoolstraat,     ,87,,,88,88,1
573,Stedelijke Kunstacademie,false,Schuttenbergstraat,2_5  ,87,,,88,88,1
574,Stedelijke Kunstacademie,true,Schuttersstraat,7,552,89755756,89753624,88,88,1
575,Stedelijke Kunstacademie,false,Koning Boudewijnplein,4,552,,,88,88,1
576,Stedelijke Kunstacademie,false,Schoolstraat,Z/N  ,1742,,,88,88,1
577,Stedelijke Kunstacademie,false,Haagstraat,Z/N  ,2094,,,88,88,1
578,Stedelijke Kunstacademie,false,Haagstraat,19,2094,,,88,88,1
579,Muzische Academie GO!,false,Mechelseplein,24,62,,,89,89,2
580,Muzische Academie GO!,false,Desguinlei,25,63,,,89,89,2
581,Muzische Academie GO!,false,Hertoginstraat,17,63,,,89,89,2
582,Muzische Academie GO!,true,Mechelsesteenweg,125,63,32391434,32811735,89,89,2
583,Muzische Academie GO!,false,Gloriantlaan,65,67,,,89,89,2
584,Muzische Academie GO!,false,Uitbreidingstraat,251,213,,,89,89,2
585,Muzische Academie GO!,false,Onderwijsstraat,19,1118,,,89,89,2
586,Stedelijk Conservatorium,false,Moeskroensesteenweg,69,5,,,90,90,1
587,Stedelijk Conservatorium,false,Kasteelstraat,5,119,,,90,90,1
588,Stedelijk Conservatorium,false,Processiestraat,6,203,,,90,90,1
589,Stedelijk Conservatorium,false,Hendrik Dewildestraat,4,267,,,90,90,1
590,Stedelijk Conservatorium,false,Poststraat,20,905,,,90,90,1
591,Stedelijk Conservatorium,false,Schoolstraat,2,1043,,,90,90,1
592,Stedelijk Conservatorium,true,Conservatoriumplein,3,1261,56277880,,90,90,1
593,Stedelijk Conservatorium,false,Hellestraat,6,1510,,,90,90,1
594,Academie                      Muziek en Woord,true,Nijverheidsstraat,27,1004,32882730,32882600,91,91,4
595,Academie                      Muziek en Woord,false,Emile Vanderveldelaan,23,1741,,,91,91,4
596,Academie                      Muziek en Woord,false,Provinciale Steenweg,100,2187,,,91,91,4
597,Academie voor Podiumkunsten,false,Sint-Pietersaalststraat,78,802,,,92,92,1
598,Academie voor Podiumkunsten,true,Tweebruggenstraat,59,802,92303883,92303883,92,92,1
599,Academie voor Podiumkunsten,false,Zwijnaardsesteenweg,6,1577,,,92,92,1
600,Academie voor Podiumkunsten,false,Gentstraat,212,1828,,,92,92,1
601,Academie voor Podiumkunsten,false,Achterstraat,18,2229,,,92,92,1
602,Academie voor Podiumkunsten,false,Kerkdreef,9,2236,,,92,92,1
603,Muzarto,true,Kerkstraat,3,661,36673379,36673379,93,93,1
604,Muzarto,false,Sint-Jansstraat,105,661,,,93,93,1
605,Muzarto,false,Kerkeneind,     ,1196,,,93,93,1
606,Muzarto,false,Driehoekstraat,41,1196,,,93,93,1
607,Muzarto,false,Heuvel,37,1196,,,93,93,1
608,Muzarto,false,Kerkeneind,21,1196,,,93,93,1
609,Gemeentelijke Academie voor   Muziek,false,Visstraat,49,525,,,94,94,1
610,Gemeentelijke Academie voor   Muziek,true,Stationsstraat,17,1332,52411121,,94,94,1
611,Gemeentelijke Academie voor   Muziek,false,Sint-Gillislaan,     ,2241,,,94,94,1
612,Akademie voor                 Muzische Kunsten,false,Brusselsesteenweg,1_B  ,1549,,,95,95,1
613,Akademie voor                 Muzische Kunsten,false,Papenmeuter,8,1549,,,95,95,1
614,Akademie voor                 Muzische Kunsten,true,Brusselsesteenweg,64,1549,28922390,,95,95,1
615,Akademie voor                 Muzische Kunsten,false,Sint-Amandsplein,1_B  ,2369,,,95,95,1
616,Akademie voor                 Muzische Kunsten,false,Stationsstraat,35,2754,,,95,95,1
617,Akademie voor                 Muzische Kunsten,false,Gemeenteplein,1_B  ,2754,,,95,95,1
618,Kunstenacademie Diksmuide     Clemens non Papa,true,Koning Albertstraat,24,549,51793430,,96,96,1
619,Kunstenacademie Diksmuide     Clemens non Papa,false,Mgr. Schottestraat,1,1113,,,96,96,1
620,Kunstenacademie Diksmuide     Clemens non Papa,false,Keiemdorpstraat,51,1209,,,96,96,1
621,Gemeentelijke Academie voor   Muziek-Woord-Dans,true,Oude Godstraat,8,994,15246794,15246794,97,97,1
622,Gemeentelijke Academie voor   Muziek-Woord-Dans,false,Pastoor Mellaertsstraat,     ,994,,,97,97,1
623,Gemeentelijke Academie voor   Muziek-Woord-Dans,false,Bergop,2,994,,,97,97,1
624,Gemeentelijke Academie voor   Muziek-Woord-Dans,false,Oude Godstraat,1,994,,,97,97,1
625,Gemeentelijke Academie voor   Muziek-Woord-Dans,false,Pluishoekstraat,1,994,,,97,97,1
626,Gemeentelijke Academie voor   Muziek-Woord-Dans,false,Dulft,17,1147,,,97,97,1
627,Gemeentelijke Academie voor   Muziek-Woord-Dans,false,Leuvensebaan,34,1991,,,97,97,1
628,Gemeentelijke Academie voor   Muziek-Woord-Dans,false,Leo Kempenaersstraat,21,2198,,,97,97,1
629,Gemeentelijke Academie voor   Muziek-Woord-Dans,false,Sint Jozefstraat,2,2722,,,97,97,1
630,Gemeentelijke Academie voor   muziek,false,Emiel Bricoutlaan,61,1264,,,98,98,1
631,Gemeentelijke Academie voor   muziek,false,Doorndal,3,2291,,,98,98,1
632,Gemeentelijke Academie voor   muziek,true,Henri Vandermaelenstraat,61,2291,27731855,,98,98,1
633,Gemeentelijke Academie voor   muziek,false,Vogelzanglaan,2,2291,,,98,98,1
634,Gemeentelijke Academie voor   muziek,false,Orbanlaan,54,2291,,,98,98,1
635,Gemeentelijke Academie voor   muziek,false,Charles Thielemanslaan,26,2291,,,98,98,1
636,Gemeentelijke Academie voor   muziek,false,Louis Marcelisstraat,134,2717,,,98,98,1
637,Academie voor                 Muziek en Woord - stad Menen,false,Beselarestraat,33,794,,,99,99,1
638,Academie voor                 Muziek en Woord - stad Menen,false,Hospitaalstraat,14,1325,,,99,99,1
639,Academie voor                 Muziek en Woord - stad Menen,true,Yv. Serruysstraat,42,1571,56513034,56515398,99,99,1
640,Academie voor                 Muziek en Woord - stad Menen,false,Ieperstraat,32,1571,,,99,99,1
641,Academie voor                 Muziek en Woord - stad Menen,false,Sint-Janstraat,18,1659,,,99,99,1
642,Academie voor                 Muziek en Woord - stad Menen,false,Moeskroenstraat,525,2030,,,99,99,1
643,Academie voor                 Muziek en Woord - stad Menen,false,Beselarestraat,29,2701,,,99,99,1
644,Academie voor                 Muziek en Woord - stad Menen,false,Hellestraat,15,2701,,,99,99,1
645,Academie voor                 Muziek en Woord - stad Menen,false,Grote Markt,26,2714,,,99,99,1
646,Academie voor                 Muziek en Woord - stad Menen,false,Goudenregenstraat,1,2714,,,99,99,1
647,Academie Deurne               Muziek-Woord,true,Boshovestraat,173,538,33247071,33247071,100,100,1
648,Academie Deurne               Muziek-Woord,false,Van den Hautelei,79,538,,,100,100,1
649,Kunstacademie De Poel,false,Groenewandeling,80,576,,,101,101,2
650,Kunstacademie De Poel,false,Goeiingen,12,684,,,101,101,2
651,Kunstacademie De Poel,false,Kroonstraat,2,684,,,101,101,2
652,Kunstacademie De Poel,false,Akkerken,2,684,,,101,101,2
653,Kunstacademie De Poel,false,Hofbilkstraat,21,684,,,101,101,2
654,Kunstacademie De Poel,false,Acaciastraat,11_29,802,,,101,101,2
655,Kunstacademie De Poel,true,Poel,17,802,92250479,92335403,101,101,2
656,Kunstacademie De Poel,false,Patrijsstraat,12,802,,,101,101,2
657,Kunstacademie De Poel,false,Grensstraat,202,802,,,101,101,2
658,Kunstacademie De Poel,false,Voskenslaan,60,802,,,101,101,2
659,Kunstacademie De Poel,false,Sint-Margrietstraat,33,802,,,101,101,2
660,Kunstacademie De Poel,false,Voskenslaan,362,802,,,101,101,2
661,Kunstacademie De Poel,false,Amand Casier de ter Bekenlaan,26,1505,,,101,101,2
662,Kunstacademie De Poel,false,Goedlevenstraat,78,1828,,,101,101,2
663,Akademie voor Muziek,true,Sint-Amandsesteenweg,41,324,38906955,38906931,102,102,1
664,Akademie voor Muziek,false,Kardinaal Cardijnplein,9,324,,,102,102,1
665,Akademie voor Muziek,false,Karel Suykensstraat,1_B  ,324,,,102,102,1
666,Akademie voor Muziek,false,Edmond Vleminckxstraat,73,324,,,102,102,1
667,Akademie voor Muziek,false,Oppuursdorp,48,1856,,,102,102,1
668,Akademie voor Muziek,false,Kerkplein,1,1993,,,102,102,1
669,Akademie voor Muziek,false,Emile Verhaerenstraat,     ,1993,,,102,102,1
670,Akademie voor Muziek,false,Buisstraat,19_C ,1993,,,102,102,1
671,Academie Schoten Beeld Muziek Woord Dans,false,Paalstraat,309,2197,,,103,103,1
672,Academie Schoten Beeld Muziek Woord Dans,false,Sint-Cordulaplein,     ,2197,,,103,103,1
673,Academie Schoten Beeld Muziek Woord Dans,false,Sint-Maria-ten-Boslei,10,2197,,,103,103,1
674,Academie Schoten Beeld Muziek Woord Dans,true,Jozef Van Craenstraat,4,2197,36850256,36851685,103,103,1
675,Academie Schoten Beeld Muziek Woord Dans,false,Kasteeldreef,61,2197,,,103,103,1
676,Academie Schoten Beeld Muziek Woord Dans,false,Deuzeldlaan,140,2197,,,103,103,1
677,Noord-Limburgse Academie voor Muziek “De Steen”,false,Cornelius A Lapideplein,3,283,089 20 19 31 ,089 20 19 31 ,5,5,3
678,Noord-Limburgse Academie voor Muziek ‘De Kroon’,false,Nevenplein,1,1207,089 20 19 60 ,089 20 19 60 ,5,5,3
679,Noord-Limburgse Academie voor Muziek ‘De Geer’,false,Overpelterbaan,14,606,011 73 35 65 ,011 73 35 65 ,5,5,3
680,Noord-Limburgse Academie voor Muziek ‘Vox Pelt’,false,Leopoldlaan,45,1923,011 80 05 84 ,011 80 05 84 ,5,5,3
681,Noord-Limburgse Academie voor Muziek ‘Basisschool De Magneet’,false,Albertus Morrenstraat,6,1919,011 38 38 01 ,011 38 38 01 ,5,5,3
